{
	"evals" : [
		{
			"name" : "avrege",
			"eval_number": 0,
			"eval_result" : [56.25, 75, 73, 75, 75, 56, 83, 50, 100, 66.66666666666667, 57, 50, 50, 50]
		},
		{
			"name" : "eval 4",
			"eval_number": 4,
			"eval_result" : [50, 100, 76.92307692307692, 83.33333333333333, 80, 62.5, 100, 100, 100, 66.66666666666667, 85.71428571428571, 100, 100, 0]
		},

		{
			"name" : "eval 5",
			"eval_number": 5,
			"eval_result" : [62.5, 50, 69.23076923076923, 66.66666666666667, 70, 50, 66.66666666666667, 0, 100, 66.66666666666667, 28.571428571428573, 0, 0, 100]
		}
	]
}

